timestamp	endpoint	http_code	time_total
2026-08-18T15:40:46.743Z	health	200	0.150190
2026-08-18T15:40:46.916Z	test	200	0.053253
2026-08-18T15:40:46.990Z	error	500	0.058761
2026-08-18T15:40:48.081Z	health	000	0.001239000	10.000000
2026-08-18T15:40:48.104Z	test	000	0.000945000	10.000000
2026-08-18T15:40:48.136Z	error	000	0.000843000	10.000000
2026-08-18T15:40:49.164Z	health	000	0.000178000	10.000000
2026-08-18T15:40:49.190Z	test	000	0.000195000	10.000000
2026-08-18T15:40:49.212Z	error	000	0.000179000	10.000000
2026-08-18T15:40:50.252Z	health	000	0.000172000	10.000000
2026-08-18T15:40:50.277Z	test	000	0.000175000	10.000000
2026-08-18T15:40:50.298Z	error	000	0.000180000	10.000000
2026-08-18T15:40:51.323Z	health	000	0.000158000	10.000000
2026-08-18T15:40:51.350Z	test	000	0.000157000	10.000000
2026-08-18T15:40:51.372Z	error	000	0.000166000	10.000000
2026-08-18T15:40:52.412Z	health	000	0.000126000	10.000000
2026-08-18T15:40:52.439Z	test	000	0.000158000	10.000000
2026-08-18T15:40:52.462Z	error	000	0.000149000	10.000000
2026-08-18T15:40:53.494Z	health	000	0.000465000	10.000000
2026-08-18T15:40:53.516Z	test	000	0.000147000	10.000000
2026-08-18T15:40:53.545Z	error	000	0.002685000	10.000000
2026-08-18T15:40:54.578Z	health	000	0.000153000	10.000000
2026-08-18T15:40:54.596Z	test	000	0.000151000	10.000000
2026-08-18T15:40:54.621Z	error	000	0.000161000	10.000000
2026-08-18T15:40:55.649Z	health	000	0.000176000	10.000000
2026-08-18T15:40:55.667Z	test	000	0.000118000	10.000000
2026-08-18T15:40:55.686Z	error	000	0.000180000	10.000000
2026-08-18T15:40:56.722Z	health	000	0.000177000	10.000000
2026-08-18T15:40:56.747Z	test	000	0.000133000	10.000000
2026-08-18T15:40:56.766Z	error	000	0.000208000	10.000000
2026-08-18T15:40:57.794Z	health	000	0.000131000	10.000000
2026-08-18T15:40:57.814Z	test	000	0.000325000	10.000000
2026-08-18T15:40:57.836Z	error	000	0.000154000	10.000000
2026-08-18T15:40:58.863Z	health	000	0.000292000	10.000000
2026-08-18T15:40:58.884Z	test	000	0.000202000	10.000000
2026-08-18T15:40:58.907Z	error	000	0.000283000	10.000000
2026-08-18T15:40:59.943Z	health	000	0.000177000	10.000000
2026-08-18T15:40:59.963Z	test	000	0.000139000	10.000000
2026-08-18T15:40:59.986Z	error	000	0.000538000	10.000000
2026-08-18T15:41:01.020Z	health	000	0.000359000	10.000000
2026-08-18T15:41:01.042Z	test	000	0.000350000	10.000000
2026-08-18T15:41:01.065Z	error	000	0.000287000	10.000000
2026-08-18T15:41:02.094Z	health	000	0.000290000	10.000000
2026-08-18T15:41:02.115Z	test	000	0.000152000	10.000000
2026-08-18T15:41:02.137Z	error	000	0.000169000	10.000000
2026-08-18T15:41:03.169Z	health	000	0.000118000	10.000000
2026-08-18T15:41:03.191Z	test	000	0.000172000	10.000000
2026-08-18T15:41:03.209Z	error	000	0.000147000	10.000000
2026-08-18T15:41:04.238Z	health	000	0.000383000	10.000000
2026-08-18T15:41:04.259Z	test	000	0.000162000	10.000000
2026-08-18T15:41:04.281Z	error	000	0.000185000	10.000000
2026-08-18T15:41:05.311Z	health	000	0.000147000	10.000000
2026-08-18T15:41:05.344Z	test	000	0.000123000	10.000000
2026-08-18T15:41:05.368Z	error	000	0.000281000	10.000000
2026-08-18T15:41:06.393Z	health	000	0.000196000	10.000000
2026-08-18T15:41:06.411Z	test	000	0.000167000	10.000000
2026-08-18T15:41:06.436Z	error	000	0.000181000	10.000000
2026-08-18T15:41:07.469Z	health	000	0.000288000	10.000000
2026-08-18T15:41:07.487Z	test	000	0.000174000	10.000000
2026-08-18T15:41:07.510Z	error	000	0.000428000	10.000000
2026-08-18T15:41:08.540Z	health	000	0.000296000	10.000000
2026-08-18T15:41:08.562Z	test	000	0.000147000	10.000000
2026-08-18T15:41:08.598Z	error	000	0.000163000	10.000000
2026-08-18T15:41:09.625Z	health	000	0.000177000	10.000000
2026-08-18T15:41:09.651Z	test	000	0.000174000	10.000000
2026-08-18T15:41:09.681Z	error	000	0.000113000	10.000000
2026-08-18T15:41:10.707Z	health	000	0.000567000	10.000000
2026-08-18T15:41:10.729Z	test	000	0.000110000	10.000000
2026-08-18T15:41:10.748Z	error	000	0.000146000	10.000000
2026-08-18T15:41:11.784Z	health	000	0.000156000	10.000000
2026-08-18T15:41:11.802Z	test	000	0.000146000	10.000000
2026-08-18T15:41:11.822Z	error	000	0.000195000	10.000000
2026-08-18T15:41:12.846Z	health	000	0.000155000	10.000000
2026-08-18T15:41:12.877Z	test	000	0.000117000	10.000000
2026-08-18T15:41:12.895Z	error	000	0.000162000	10.000000
2026-08-18T15:41:13.929Z	health	000	0.001012000	10.000000
2026-08-18T15:41:13.952Z	test	000	0.000165000	10.000000
2026-08-18T15:41:13.981Z	error	000	0.000155000	10.000000
2026-08-18T15:41:15.004Z	health	000	0.000181000	10.000000
2026-08-18T15:41:15.027Z	test	000	0.000335000	10.000000
2026-08-18T15:41:15.045Z	error	000	0.000133000	10.000000
2026-08-18T15:41:16.072Z	health	000	0.000161000	10.000000
2026-08-18T15:41:16.096Z	test	000	0.000165000	10.000000
2026-08-18T15:41:16.121Z	error	000	0.000176000	10.000000
2026-08-18T15:41:17.145Z	health	000	0.000182000	10.000000
2026-08-18T15:41:17.165Z	test	000	0.000146000	10.000000
2026-08-18T15:41:17.184Z	error	000	0.000143000	10.000000
2026-08-18T15:41:18.220Z	health	000	0.000186000	10.000000
2026-08-18T15:41:18.242Z	test	000	0.000166000	10.000000
2026-08-18T15:41:18.262Z	error	000	0.000191000	10.000000
